{"cameraMode":{"drawMode":0,"name":"Shaded","section":"Shading Mode"},"sceneLighting":true,"audioPlay":false,"sceneViewState":{"m_AlwaysRefresh":false,"showFog":true,"showSkybox":true,"showFlares":true,"showImageEffects":true,"showParticleSystems":true,"showVisualEffectGraphs":true,"m_FxEnabled":true},"in2DMode":false,"pivot":{"x":-0.32741624116897585,"y":0.6964324712753296,"z":-6.87286901473999},"rotation":{"x":-0.17158612608909608,"y":0.06408283114433289,"z":-0.011185736395418644,"w":-0.9830176830291748},"size":2.092604875564575,"orthographic":false}