{"cameraMode":{"drawMode":0,"name":"Shaded","section":"Shading Mode"},"sceneLighting":true,"audioPlay":false,"sceneViewState":{"m_AlwaysRefresh":false,"showFog":true,"showSkybox":true,"showFlares":true,"showImageEffects":true,"showParticleSystems":true,"showVisualEffectGraphs":true,"m_FxEnabled":true},"in2DMode":false,"pivot":{"x":694.4017944335938,"y":215.6614227294922,"z":70.86309814453125},"rotation":{"x":0.08089204877614975,"y":-0.022424636408686639,"z":0.0018200732301920653,"w":0.9964759349822998},"size":270.4466247558594,"orthographic":false}