{"cameraMode":{"drawMode":0,"name":"Shaded","section":"Shading Mode"},"sceneLighting":true,"audioPlay":false,"sceneViewState":{"m_AlwaysRefresh":false,"showFog":true,"showSkybox":true,"showFlares":true,"showImageEffects":true,"showParticleSystems":true,"showVisualEffectGraphs":true,"m_FxEnabled":true},"in2DMode":false,"pivot":{"x":-0.35282468795776369,"y":-3.776224136352539,"z":3.6740188598632814},"rotation":{"x":0.08089204877614975,"y":-0.022424636408686639,"z":0.0018200732301920653,"w":0.9964759349822998},"size":29.187763214111329,"orthographic":false}