{"cameraMode":{"drawMode":0,"name":"Shaded","section":"Shading Mode"},"sceneLighting":true,"audioPlay":false,"sceneViewState":{"m_AlwaysRefresh":false,"showFog":true,"showSkybox":true,"showFlares":true,"showImageEffects":true,"showParticleSystems":true,"showVisualEffectGraphs":true,"m_FxEnabled":true},"in2DMode":false,"pivot":{"x":573.8233642578125,"y":102.65947723388672,"z":-66.40613555908203},"rotation":{"x":0.06726010888814926,"y":0.07475949078798294,"z":-0.005054283421486616,"w":0.9949251413345337},"size":483.0483703613281,"orthographic":false}